date,symbol,close
2016-06-24,DJI,17400.7500
2016-06-24,IXIC,4707.9800
2016-06-24,SPX,2037.4100
2016-07-01,DJI,17949.3700
2016-07-01,IXIC,4862.5700
2016-07-01,SPX,2102.9500
2016-07-08,DJI,18146.7400
2016-07-08,IXIC,4956.7600
2016-07-08,SPX,2129.9000
2016-07-15,DJI,18516.5500
2016-07-15,IXIC,5029.5900
2016-07-15,SPX,2161.7400
2016-07-22,DJI,18570.8500
2016-07-22,IXIC,5100.1600
2016-07-22,SPX,2175.0300
2016-07-29,DJI,18432.2400
2016-07-29,IXIC,5162.1300
2016-07-29,SPX,2173.6000
2016-08-05,DJI,18543.5300
2016-08-05,IXIC,5221.1200
2016-08-05,SPX,2182.8700
2016-08-12,DJI,18576.4700
2016-08-12,IXIC,5232.8900
2016-08-12,SPX,2184.0500
2016-08-19,DJI,18552.5700
2016-08-19,IXIC,5238.3800
2016-08-19,SPX,2183.8700
2016-08-26,DJI,18395.4000
2016-08-26,IXIC,5218.9200
2016-08-26,SPX,2169.0400
2016-09-02,DJI,18491.9600
2016-09-02,IXIC,5249.9000
2016-09-02,SPX,2179.9800
2016-09-09,DJI,18085.4500
2016-09-09,IXIC,5125.9100
2016-09-09,SPX,2127.8100
2016-09-16,DJI,18123.8000
2016-09-16,IXIC,5244.5700
2016-09-16,SPX,2139.1600
2016-09-23,DJI,18261.4500
2016-09-23,IXIC,5305.7500
2016-09-23,SPX,2164.6900
2016-09-30,DJI,18308.1500
2016-09-30,IXIC,5312.0000
2016-09-30,SPX,2168.2700
2016-10-07,DJI,18240.4900
2016-10-07,IXIC,5292.4000
2016-10-07,SPX,2153.7400
2016-10-14,DJI,18138.3800
2016-10-14,IXIC,5214.1600
2016-10-14,SPX,2132.9800
2016-10-21,DJI,18145.7100
2016-10-21,IXIC,5257.4000
2016-10-21,SPX,2141.1600
2016-10-28,DJI,18161.1900
2016-10-28,IXIC,5190.1000
2016-10-28,SPX,2126.4100
2016-11-04,DJI,17888.2800
2016-11-04,IXIC,5046.3700
2016-11-04,SPX,2085.1800
2016-11-11,DJI,18847.6600
2016-11-11,IXIC,5237.1100
2016-11-11,SPX,2164.4500
2016-11-18,DJI,18867.9300
2016-11-18,IXIC,5321.5100
2016-11-18,SPX,2181.9000
2016-11-25,DJI,19152.1400
2016-11-25,IXIC,5398.9200
2016-11-25,SPX,2213.3500
2016-12-02,DJI,19170.4200
2016-12-02,IXIC,5255.6500
2016-12-02,SPX,2191.9500
2016-12-09,DJI,19756.8500
2016-12-09,IXIC,5444.5000
2016-12-09,SPX,2259.5300
2016-12-16,DJI,19843.4100
2016-12-16,IXIC,5437.1600
2016-12-16,SPX,2258.0700
2016-12-23,DJI,19933.8100
2016-12-23,IXIC,5462.6900
2016-12-23,SPX,2263.7900
2016-12-30,DJI,19762.6000
2016-12-30,IXIC,5383.1200
2016-12-30,SPX,2238.8300
2017-01-06,DJI,19963.8000
2017-01-06,IXIC,5521.0600
2017-01-06,SPX,2276.9800
2017-01-13,DJI,19885.7300
2017-01-13,IXIC,5574.1200
2017-01-13,SPX,2274.6400
2017-01-20,DJI,19827.2500
2017-01-20,IXIC,5555.3300
2017-01-20,SPX,2271.3100
2017-01-27,DJI,20093.7800
2017-01-27,IXIC,5660.7800
2017-01-27,SPX,2294.6900
2017-02-03,DJI,20071.4600
2017-02-03,IXIC,5666.7700
2017-02-03,SPX,2297.4200
2017-02-10,DJI,20269.3700
2017-02-10,IXIC,5734.1300
2017-02-10,SPX,2316.1000
2017-02-17,DJI,20624.0500
2017-02-17,IXIC,5838.5800
2017-02-17,SPX,2351.1600
2017-02-24,DJI,20821.7600
2017-02-24,IXIC,5845.3100
2017-02-24,SPX,2367.3400
2017-03-03,DJI,21005.7100
2017-03-03,IXIC,5870.7500
2017-03-03,SPX,2383.1200
2017-03-10,DJI,20902.9800
2017-03-10,IXIC,5861.7300
2017-03-10,SPX,2372.6000
2017-03-17,DJI,20914.6200
2017-03-17,IXIC,5901.0000
2017-03-17,SPX,2378.2500
2017-03-24,DJI,20596.7200
2017-03-24,IXIC,5828.7400
2017-03-24,SPX,2343.9800
2017-03-31,DJI,20663.2200
2017-03-31,IXIC,5911.7400
2017-03-31,SPX,2362.7200
2017-04-07,DJI,20656.1000
2017-04-07,IXIC,5877.8100
2017-04-07,SPX,2355.5400
2017-04-13,DJI,20453.2500
2017-04-13,IXIC,5805.1500
2017-04-13,SPX,2328.9500
2017-04-21,DJI,20547.7600
2017-04-21,IXIC,5910.5200
2017-04-21,SPX,2348.6900
2017-04-28,DJI,20940.5100
2017-04-28,IXIC,6047.6100
2017-04-28,SPX,2384.2000
2017-05-05,DJI,21006.9400
2017-05-05,IXIC,6100.7600
2017-05-05,SPX,2399.2900
2017-05-12,DJI,20896.6100
2017-05-12,IXIC,6121.2300
2017-05-12,SPX,2390.9000
2017-05-19,DJI,20804.8400
2017-05-19,IXIC,6083.7000
2017-05-19,SPX,2381.7300
2017-05-26,DJI,21080.2800
2017-05-26,IXIC,6210.1900
2017-05-26,SPX,2415.8200
2017-06-02,DJI,21206.2900
2017-06-02,IXIC,6305.8000
2017-06-02,SPX,2439.0700
2017-06-09,DJI,21271.9700
2017-06-09,IXIC,6207.9200
2017-06-09,SPX,2431.7700
2017-06-16,DJI,21384.2800
2017-06-16,IXIC,6151.7600
2017-06-16,SPX,2433.1500
2017-06-23,DJI,21394.7600
2017-06-23,IXIC,6265.2500
2017-06-23,SPX,2438.3000
2017-06-30,DJI,21349.6300
2017-06-30,IXIC,6140.4200
2017-06-30,SPX,2423.4100
2017-07-07,DJI,21414.3400
2017-07-07,IXIC,6153.0800
2017-07-07,SPX,2425.1800
2017-07-14,DJI,21637.7400
2017-07-14,IXIC,6312.4700
2017-07-14,SPX,2459.2700
2017-07-21,DJI,21580.0700
2017-07-21,IXIC,6387.7500
2017-07-21,SPX,2472.5400
2017-07-28,DJI,21830.3100
2017-07-28,IXIC,6374.6800
2017-07-28,SPX,2472.1000
2017-08-04,DJI,22092.8100
2017-08-04,IXIC,6351.5600
2017-08-04,SPX,2476.8300
2017-08-11,DJI,21858.3200
2017-08-11,IXIC,6256.5600
2017-08-11,SPX,2441.3200
2017-08-18,DJI,21674.5100
2017-08-18,IXIC,6216.5300
2017-08-18,SPX,2425.5500
2017-08-25,DJI,21813.6700
2017-08-25,IXIC,6265.6400
2017-08-25,SPX,2443.0500
2017-09-01,DJI,21987.5600
2017-09-01,IXIC,6435.3300
2017-09-01,SPX,2476.5500
2017-09-08,DJI,21797.7900
2017-09-08,IXIC,6360.1900
2017-09-08,SPX,2461.4300
2017-09-15,DJI,22268.3400
2017-09-15,IXIC,6448.4700
2017-09-15,SPX,2500.2300
2017-09-22,DJI,22349.5900
2017-09-22,IXIC,6426.9200
2017-09-22,SPX,2502.2200
2017-09-29,DJI,22405.0900
2017-09-29,IXIC,6495.9600
2017-09-29,SPX,2519.3600
2017-10-06,DJI,22773.6700
2017-10-06,IXIC,6590.1800
2017-10-06,SPX,2549.3300
2017-10-13,DJI,22871.7200
2017-10-13,IXIC,6605.8000
2017-10-13,SPX,2553.1700
2017-10-20,DJI,23328.6300
2017-10-20,IXIC,6629.0500
2017-10-20,SPX,2575.2100
2017-10-27,DJI,23434.1900
2017-10-27,IXIC,6701.2600
2017-10-27,SPX,2581.0700
2017-11-03,DJI,23539.1900
2017-11-03,IXIC,6764.4400
2017-11-03,SPX,2587.8400
2017-11-10,DJI,23422.2100
2017-11-10,IXIC,6750.9400
2017-11-10,SPX,2582.3000
2017-11-17,DJI,23358.2400
2017-11-17,IXIC,6782.7900
2017-11-17,SPX,2578.8500
2017-11-24,DJI,23557.9900
2017-11-24,IXIC,6889.1600
2017-11-24,SPX,2602.4200
2017-12-01,DJI,24231.5900
2017-12-01,IXIC,6847.5900
2017-12-01,SPX,2642.2200
2017-12-08,DJI,24329.1600
2017-12-08,IXIC,6840.0800
2017-12-08,SPX,2651.5000
2017-12-15,DJI,24651.7400
2017-12-15,IXIC,6936.5800
2017-12-15,SPX,2675.8100
2017-12-22,DJI,24754.0600
2017-12-22,IXIC,6959.9600
2017-12-22,SPX,2683.3400
2017-12-29,DJI,24719.2200
2017-12-29,IXIC,6903.3900
2017-12-29,SPX,2673.6100
2018-01-05,DJI,25295.8700
2018-01-05,IXIC,7136.5600
2018-01-05,SPX,2743.1500
2018-01-12,DJI,25803.1900
2018-01-12,IXIC,7261.0600
2018-01-12,SPX,2786.2400
2018-01-19,DJI,26071.7200
2018-01-19,IXIC,7336.3800
2018-01-19,SPX,2810.3000
2018-01-26,DJI,26616.7100
2018-01-26,IXIC,7505.7700
2018-01-26,SPX,2872.8700
2018-02-02,DJI,25520.9600
2018-02-02,IXIC,7240.9500
2018-02-02,SPX,2762.1300
2018-02-09,DJI,24190.9000
2018-02-09,IXIC,6874.4900
2018-02-09,SPX,2619.5500
2018-02-16,DJI,25219.3800
2018-02-16,IXIC,7239.4700
2018-02-16,SPX,2732.2200
2018-02-23,DJI,25309.9900
2018-02-23,IXIC,7337.3900
2018-02-23,SPX,2747.3000
2018-03-02,DJI,24538.0600
2018-03-02,IXIC,7257.8700
2018-03-02,SPX,2691.2500
2018-03-09,DJI,25335.7400
2018-03-09,IXIC,7560.8100
2018-03-09,SPX,2786.5700
2018-03-16,DJI,24946.5100
2018-03-16,IXIC,7481.9900
2018-03-16,SPX,2752.0100
2018-03-23,DJI,23533.2000
2018-03-23,IXIC,6992.6700
2018-03-23,SPX,2588.2600
2018-03-29,DJI,24103.1100
2018-03-29,IXIC,7063.4400
2018-03-29,SPX,2640.8700
2018-04-06,DJI,23932.7600
2018-04-06,IXIC,6915.1100
2018-04-06,SPX,2604.4700
2018-04-13,DJI,24360.1400
2018-04-13,IXIC,7106.6500
2018-04-13,SPX,2656.3000
2018-04-20,DJI,24462.9400
2018-04-20,IXIC,7146.1300
2018-04-20,SPX,2670.1400
2018-04-27,DJI,24311.1900
2018-04-27,IXIC,7119.8000
2018-04-27,SPX,2669.9100
2018-05-04,DJI,24262.5100
2018-05-04,IXIC,7209.6200
2018-05-04,SPX,2663.4200
2018-05-11,DJI,24831.1700
2018-05-11,IXIC,7402.8800
2018-05-11,SPX,2727.7200
2018-05-18,DJI,24715.0900
2018-05-18,IXIC,7354.3400
2018-05-18,SPX,2712.9700
2018-05-25,DJI,24753.0900
2018-05-25,IXIC,7433.8500
2018-05-25,SPX,2721.3300
2018-06-01,DJI,24635.2100
2018-06-01,IXIC,7554.3300
2018-06-01,SPX,2734.6200
2018-06-08,DJI,25316.5300
2018-06-08,IXIC,7645.5100
2018-06-08,SPX,2779.0300
2018-06-15,DJI,25090.4800
2018-06-15,IXIC,7746.3800
2018-06-15,SPX,2779.6600
2018-06-22,DJI,24580.8900
2018-06-22,IXIC,7692.8200
2018-06-22,SPX,2754.8800
2018-06-29,DJI,24271.4100
2018-06-29,IXIC,7510.3000
2018-06-29,SPX,2718.3700
2018-07-06,DJI,24456.4800
2018-07-06,IXIC,7688.3900
2018-07-06,SPX,2759.8200
2018-07-13,DJI,25019.4100
2018-07-13,IXIC,7825.9800
2018-07-13,SPX,2801.3100
2018-07-20,DJI,25058.1200
2018-07-20,IXIC,7820.2000
2018-07-20,SPX,2801.8300
2018-07-27,DJI,25451.0600
2018-07-27,IXIC,7737.4200
2018-07-27,SPX,2818.8200
2018-08-03,DJI,25462.5800
2018-08-03,IXIC,7812.0100
2018-08-03,SPX,2840.3500
2018-08-10,DJI,25313.1400
2018-08-10,IXIC,7839.1100
2018-08-10,SPX,2833.2800
2018-08-17,DJI,25669.3200
2018-08-17,IXIC,7816.3300
2018-08-17,SPX,2850.1300
2018-08-24,DJI,25790.3500
2018-08-24,IXIC,7945.9800
2018-08-24,SPX,2874.6900
2018-08-31,DJI,25964.8200
2018-08-31,IXIC,8109.5400
2018-08-31,SPX,2901.5200
2018-09-07,DJI,25916.5400
2018-09-07,IXIC,7902.5400
2018-09-07,SPX,2871.6800
2018-09-14,DJI,26154.6700
2018-09-14,IXIC,8010.0400
2018-09-14,SPX,2904.9800
2018-09-21,DJI,26743.5000
2018-09-21,IXIC,7986.9600
2018-09-21,SPX,2929.6700
2018-09-28,DJI,26458.3100
2018-09-28,IXIC,8046.3500
2018-09-28,SPX,2913.9800
2018-10-05,DJI,26447.0500
2018-10-05,IXIC,7788.4500
2018-10-05,SPX,2885.5700
2018-10-12,DJI,25339.9900
2018-10-12,IXIC,7496.8900
2018-10-12,SPX,2767.1300
2018-10-19,DJI,25444.3400
2018-10-19,IXIC,7449.0300
2018-10-19,SPX,2767.7800
2018-10-26,DJI,24688.3100
2018-10-26,IXIC,7167.2100
2018-10-26,SPX,2658.6900
2018-11-02,DJI,25270.8300
2018-11-02,IXIC,7356.9900
2018-11-02,SPX,2723.0600
2018-11-09,DJI,25989.3000
2018-11-09,IXIC,7406.9000
2018-11-09,SPX,2781.0100
2018-11-16,DJI,25413.2200
2018-11-16,IXIC,7247.8700
2018-11-16,SPX,2736.2700
2018-11-23,DJI,24285.9500
2018-11-23,IXIC,6938.9800
2018-11-23,SPX,2632.5600
2018-11-30,DJI,25538.4600
2018-11-30,IXIC,7330.5400
2018-11-30,SPX,2760.1700
2018-12-07,DJI,24388.9500
2018-12-07,IXIC,6969.2500
2018-12-07,SPX,2633.0800
2018-12-14,DJI,24100.5100
2018-12-14,IXIC,6910.6600
2018-12-14,SPX,2599.9500
2018-12-21,DJI,22445.3700
2018-12-21,IXIC,6332.9900
2018-12-21,SPX,2416.6200
2018-12-28,DJI,23062.4000
2018-12-28,IXIC,6584.5200
2018-12-28,SPX,2485.7400
2019-01-04,DJI,23433.1600
2019-01-04,IXIC,6738.8600
2019-01-04,SPX,2531.9400
2019-01-11,DJI,23995.9500
2019-01-11,IXIC,6971.4800
2019-01-11,SPX,2596.2600
2019-01-18,DJI,24706.3500
2019-01-18,IXIC,7157.2300
2019-01-18,SPX,2670.7100
2019-01-25,DJI,24737.2000
2019-01-25,IXIC,7164.8600
2019-01-25,SPX,2664.7600
2019-02-01,DJI,25063.8900
2019-02-01,IXIC,7263.8700
2019-02-01,SPX,2706.5300
2019-02-08,DJI,25106.3300
2019-02-08,IXIC,7298.2000
2019-02-08,SPX,2707.8800
2019-02-15,DJI,25883.2500
2019-02-15,IXIC,7472.4100
2019-02-15,SPX,2775.6000
2019-02-22,DJI,26031.8100
2019-02-22,IXIC,7527.5400
2019-02-22,SPX,2792.6700
2019-03-01,DJI,26026.3200
2019-03-01,IXIC,7595.3500
2019-03-01,SPX,2803.6900
2019-03-08,DJI,25450.2400
2019-03-08,IXIC,7408.1400
2019-03-08,SPX,2743.0700
2019-03-15,DJI,25848.8700
2019-03-15,IXIC,7688.5300
2019-03-15,SPX,2822.4800
2019-03-22,DJI,25502.3200
2019-03-22,IXIC,7642.6700
2019-03-22,SPX,2800.7100
2019-03-29,DJI,25928.6800
2019-03-29,IXIC,7729.3200
2019-03-29,SPX,2834.4000
2019-04-05,DJI,26424.9900
2019-04-05,IXIC,7938.6900
2019-04-05,SPX,2892.7400
2019-04-12,DJI,26412.3000
2019-04-12,IXIC,7984.1600
2019-04-12,SPX,2907.4100
2019-04-18,DJI,26559.5400
2019-04-18,IXIC,7998.0600
2019-04-18,SPX,2905.0300
2019-04-26,DJI,26543.3300
2019-04-26,IXIC,8133.9600
2019-04-26,SPX,2939.8800
2019-05-03,DJI,26504.9500
2019-05-03,IXIC,8164.0000
2019-05-03,SPX,2945.6400
2019-05-10,DJI,25942.3700
2019-05-10,IXIC,7916.9400
2019-05-10,SPX,2881.4000
2019-05-17,DJI,25764.0000
2019-05-17,IXIC,7816.2800
2019-05-17,SPX,2859.5300
2019-05-24,DJI,25585.6900
2019-05-24,IXIC,7637.0100
2019-05-24,SPX,2826.0600
2019-05-31,DJI,24815.0400
2019-05-31,IXIC,7453.1500
2019-05-31,SPX,2752.0600
2019-06-07,DJI,25983.9400
2019-06-07,IXIC,7742.1000
2019-06-07,SPX,2873.3400
2019-06-14,DJI,26089.6100
2019-06-14,IXIC,7796.6600
2019-06-14,SPX,2886.9800
2019-06-21,DJI,26719.1300
2019-06-21,IXIC,8031.7100
2019-06-21,SPX,2950.4600
2019-06-28,DJI,26599.9600
2019-06-28,IXIC,8006.2400
2019-06-28,SPX,2941.7600
2019-07-05,DJI,26922.1200
2019-07-05,IXIC,8161.7900
2019-07-05,SPX,2990.4100
2019-07-12,DJI,27332.0300
2019-07-12,IXIC,8244.1400
2019-07-12,SPX,3013.7700
2019-07-19,DJI,27154.2000
2019-07-19,IXIC,8146.4900
2019-07-19,SPX,2976.6100
2019-07-26,DJI,27192.4500
2019-07-26,IXIC,8330.2100
2019-07-26,SPX,3025.8600
2019-08-02,DJI,26485.0100
2019-08-02,IXIC,8004.0700
2019-08-02,SPX,2932.0500
2019-08-09,DJI,26287.4400
2019-08-09,IXIC,7959.1400
2019-08-09,SPX,2918.6500
2019-08-16,DJI,25886.0100
2019-08-16,IXIC,7895.9900
2019-08-16,SPX,2888.6800
2019-08-23,DJI,25628.9000
2019-08-23,IXIC,7751.7700
2019-08-23,SPX,2847.1100
2019-08-30,DJI,26403.2800
2019-08-30,IXIC,7962.8800
2019-08-30,SPX,2926.4600
2019-09-06,DJI,26797.4600
2019-09-06,IXIC,8103.0700
2019-09-06,SPX,2978.7100
2019-09-13,DJI,27219.5200
2019-09-13,IXIC,8176.7100
2019-09-13,SPX,3007.3900
2019-09-20,DJI,26935.0700
2019-09-20,IXIC,8117.6700
2019-09-20,SPX,2992.0700
2019-09-27,DJI,26820.2500
2019-09-27,IXIC,7939.6300
2019-09-27,SPX,2961.7900
2019-10-04,DJI,26573.7200
2019-10-04,IXIC,7982.4600
2019-10-04,SPX,2952.0100
2019-10-11,DJI,26816.5900
2019-10-11,IXIC,8057.0400
2019-10-11,SPX,2970.2700
2019-10-18,DJI,26770.2000
2019-10-18,IXIC,8089.5400
2019-10-18,SPX,2986.2000
2019-10-25,DJI,26958.0600
2019-10-25,IXIC,8243.1200
2019-10-25,SPX,3022.5500
2019-11-01,DJI,27347.3600
2019-11-01,IXIC,8386.4000
2019-11-01,SPX,3066.9100
2019-11-08,DJI,27681.2400
2019-11-08,IXIC,8475.3100
2019-11-08,SPX,3093.0800
2019-11-15,DJI,28004.8900
2019-11-15,IXIC,8540.8300
2019-11-15,SPX,3120.4600
2019-11-22,DJI,27875.6200
2019-11-22,IXIC,8519.8800
2019-11-22,SPX,3110.2900
2019-11-29,DJI,28051.4100
2019-11-29,IXIC,8665.4700
2019-11-29,SPX,3140.9800
2019-12-06,DJI,28015.0600
2019-12-06,IXIC,8656.5300
2019-12-06,SPX,3145.9100
2019-12-13,DJI,28135.3800
2019-12-13,IXIC,8734.8800
2019-12-13,SPX,3168.8000
2019-12-20,DJI,28455.0900
2019-12-20,IXIC,8924.9600
2019-12-20,SPX,3221.2200
2019-12-27,DJI,28645.2600
2019-12-27,IXIC,9006.6200
2019-12-27,SPX,3240.0200
2020-01-03,DJI,28634.8800
2020-01-03,IXIC,9020.7700
2020-01-03,SPX,3234.8500
2020-01-10,DJI,28823.7700
2020-01-10,IXIC,9178.8600
2020-01-10,SPX,3265.3500
2020-01-17,DJI,29348.1000
2020-01-17,IXIC,9388.9400
2020-01-17,SPX,3329.6200
2020-01-24,DJI,28989.7300
2020-01-24,IXIC,9314.9100
2020-01-24,SPX,3295.4700
2020-01-31,DJI,28256.0300
2020-01-31,IXIC,9150.9400
2020-01-31,SPX,3225.5200
2020-02-07,DJI,29102.5100
2020-02-07,IXIC,9520.5100
2020-02-07,SPX,3327.7100
2020-02-14,DJI,29398.0800
2020-02-14,IXIC,9731.1800
2020-02-14,SPX,3380.1600
2020-02-21,DJI,28992.4100
2020-02-21,IXIC,9576.5900
2020-02-21,SPX,3337.7500
2020-02-28,DJI,25409.3600
2020-02-28,IXIC,8567.3700
2020-02-28,SPX,2954.2200
2020-03-06,DJI,25864.7800
2020-03-06,IXIC,8575.6200
2020-03-06,SPX,2972.3700
2020-03-13,DJI,23185.6200
2020-03-13,IXIC,7874.8800
2020-03-13,SPX,2711.0200
2020-03-20,DJI,19173.9800
2020-03-20,IXIC,6879.5200
2020-03-20,SPX,2304.9200
2020-03-27,DJI,21636.7800
2020-03-27,IXIC,7502.3800
2020-03-27,SPX,2541.4700
2020-04-03,DJI,21052.5300
2020-04-03,IXIC,7373.0800
2020-04-03,SPX,2488.6500
2020-04-09,DJI,23719.3700
2020-04-09,IXIC,8153.5800
2020-04-09,SPX,2789.8200
2020-04-17,DJI,24242.4900
2020-04-17,IXIC,8650.1400
2020-04-17,SPX,2874.5600
2020-04-24,DJI,23775.2700
2020-04-24,IXIC,8634.5200
2020-04-24,SPX,2836.7400
2020-05-01,DJI,23723.6900
2020-05-01,IXIC,8604.9500
2020-05-01,SPX,2830.7100
2020-05-08,DJI,24331.3200
2020-05-08,IXIC,9121.3200
2020-05-08,SPX,2929.8000
2020-05-15,DJI,23685.4200
2020-05-15,IXIC,9014.5600
2020-05-15,SPX,2863.7000
2020-05-22,DJI,24465.1600
2020-05-22,IXIC,9324.5900
2020-05-22,SPX,2955.4500
2020-05-29,DJI,25383.1100
2020-05-29,IXIC,9489.8700
2020-05-29,SPX,3044.3100
2020-06-05,DJI,27110.9800
2020-06-05,IXIC,9814.0800
2020-06-05,SPX,3193.9300
2020-06-12,DJI,25605.5400
2020-06-12,IXIC,9588.8100
2020-06-12,SPX,3041.3100
2020-06-19,DJI,25871.4600
2020-06-19,IXIC,9946.1200
2020-06-19,SPX,3097.7400
2020-06-26,DJI,25015.5500
2020-06-26,IXIC,9757.2200
2020-06-26,SPX,3009.0500
2020-07-02,DJI,25827.3600
2020-07-02,IXIC,10207.6300
2020-07-02,SPX,3130.0100
2020-07-10,DJI,26075.3000
2020-07-10,IXIC,10617.4400
2020-07-10,SPX,3185.0400
2020-07-17,DJI,26671.9500
2020-07-17,IXIC,10503.1900
2020-07-17,SPX,3224.7300
2020-07-24,DJI,26469.8900
2020-07-24,IXIC,10363.1800
2020-07-24,SPX,3215.6300
2020-07-31,DJI,26428.3200
2020-07-31,IXIC,10745.2700
2020-07-31,SPX,3271.1200
2020-08-07,DJI,27433.4800
2020-08-07,IXIC,11010.9800
2020-08-07,SPX,3351.2800
2020-08-14,DJI,27931.0200
2020-08-14,IXIC,11019.3000
2020-08-14,SPX,3372.8500
2020-08-21,DJI,27930.3300
2020-08-21,IXIC,11311.8000
2020-08-21,SPX,3397.1600
2020-08-28,DJI,28653.8700
2020-08-28,IXIC,11695.6300
2020-08-28,SPX,3508.0100
2020-09-04,DJI,28133.3100
2020-09-04,IXIC,11313.1300
2020-09-04,SPX,3426.9600
2020-09-11,DJI,27665.6400
2020-09-11,IXIC,10853.5500
2020-09-11,SPX,3340.9700
2020-09-18,DJI,27657.4200
2020-09-18,IXIC,10793.2800
2020-09-18,SPX,3319.4700
2020-09-25,DJI,27173.9600
2020-09-25,IXIC,10913.7300
2020-09-25,SPX,3298.4600
2020-10-02,DJI,27682.8100
2020-10-02,IXIC,11075.1100
2020-10-02,SPX,3348.4400
2020-10-09,DJI,28586.9000
2020-10-09,IXIC,11580.0500
2020-10-09,SPX,3477.1300
2020-10-16,DJI,28606.3100
2020-10-16,IXIC,11671.6600
2020-10-16,SPX,3483.8100
2020-10-23,DJI,28335.5700
2020-10-23,IXIC,11548.2800
2020-10-23,SPX,3465.3900
2020-10-30,DJI,26501.6000
2020-10-30,IXIC,10911.5900
2020-10-30,SPX,3269.9600
2020-11-06,DJI,28323.4000
2020-11-06,IXIC,11895.2300
2020-11-06,SPX,3509.4400
2020-11-13,DJI,29479.8100
2020-11-13,IXIC,11829.2900
2020-11-13,SPX,3585.1500
2020-11-20,DJI,29263.4800
2020-11-20,IXIC,11854.9700
2020-11-20,SPX,3557.5400
2020-11-27,DJI,29910.3700
2020-11-27,IXIC,12205.8500
2020-11-27,SPX,3638.3500
2020-12-04,DJI,30218.2600
2020-12-04,IXIC,12464.2300
2020-12-04,SPX,3699.1200
2020-12-11,DJI,30046.3700
2020-12-11,IXIC,12377.8700
2020-12-11,SPX,3663.4600
2020-12-18,DJI,30179.0500
2020-12-18,IXIC,12755.6400
2020-12-18,SPX,3709.4100
2020-12-24,DJI,30199.8700
2020-12-24,IXIC,12804.7300
2020-12-24,SPX,3703.0600
2020-12-31,DJI,30606.4800
2020-12-31,IXIC,12888.2800
2020-12-31,SPX,3756.0700
2021-01-08,DJI,31097.9700
2021-01-08,IXIC,13201.9800
2021-01-08,SPX,3824.6800
2021-01-15,DJI,30814.2600
2021-01-15,IXIC,12998.5000
2021-01-15,SPX,3768.2500
2021-01-22,DJI,30996.9800
2021-01-22,IXIC,13543.0600
2021-01-22,SPX,3841.4700
2021-01-29,DJI,29982.6200
2021-01-29,IXIC,13070.6900
2021-01-29,SPX,3714.2400
2021-02-05,DJI,31148.2400
2021-02-05,IXIC,13856.3000
2021-02-05,SPX,3886.8300
2021-02-12,DJI,31458.4000
2021-02-12,IXIC,14095.4700
2021-02-12,SPX,3934.8300
2021-02-19,DJI,31494.3200
2021-02-19,IXIC,13874.4700
2021-02-19,SPX,3906.7100
2021-02-26,DJI,30932.3700
2021-02-26,IXIC,13192.3500
2021-02-26,SPX,3811.1500
2021-03-05,DJI,31496.3000
2021-03-05,IXIC,12920.1500
2021-03-05,SPX,3841.9400
2021-03-12,DJI,32778.6400
2021-03-12,IXIC,13319.8600
2021-03-12,SPX,3943.3400
2021-03-19,DJI,32627.9700
2021-03-19,IXIC,13215.2400
2021-03-19,SPX,3913.1000
2021-03-26,DJI,33072.8800
2021-03-26,IXIC,13138.7200
2021-03-26,SPX,3974.5400
2021-04-01,DJI,33153.2100
2021-04-01,IXIC,13480.1100
2021-04-01,SPX,4019.8700
2021-04-09,DJI,33800.6000
2021-04-09,IXIC,13900.1900
2021-04-09,SPX,4128.8000
2021-04-16,DJI,34200.6700
2021-04-16,IXIC,14052.3400
2021-04-16,SPX,4185.4700
2021-04-23,DJI,34043.4900
2021-04-23,IXIC,14016.8100
2021-04-23,SPX,4180.1700
2021-04-30,DJI,33874.8500
2021-04-30,IXIC,13962.6800
2021-04-30,SPX,4181.1700
2021-05-07,DJI,34777.7600
2021-05-07,IXIC,13752.2400
2021-05-07,SPX,4232.6000
2021-05-14,DJI,34382.1300
2021-05-14,IXIC,13429.9800
2021-05-14,SPX,4173.8500
2021-05-21,DJI,34207.8400
2021-05-21,IXIC,13470.9900
2021-05-21,SPX,4155.8600
2021-05-28,DJI,34529.4500
2021-05-28,IXIC,13748.7400
2021-05-28,SPX,4204.1100
2021-06-04,DJI,34756.3900
2021-06-04,IXIC,13814.4900
2021-06-04,SPX,4229.8900
2021-06-11,DJI,34479.6000
2021-06-11,IXIC,14069.4200
2021-06-11,SPX,4247.4400
2021-06-18,DJI,33290.0800
2021-06-18,IXIC,14030.3800
2021-06-18,SPX,4166.4500
2021-06-25,DJI,34433.8400
2021-06-25,IXIC,14360.3900
2021-06-25,SPX,4280.7000
2021-07-02,DJI,34786.3500
2021-07-02,IXIC,14639.3300
2021-07-02,SPX,4352.3400
2021-07-09,DJI,34870.1600
2021-07-09,IXIC,14701.9200
2021-07-09,SPX,4369.5500
2021-07-16,DJI,34687.8500
2021-07-16,IXIC,14427.2400
2021-07-16,SPX,4327.1600
2021-07-23,DJI,35061.5500
2021-07-23,IXIC,14836.9900
2021-07-23,SPX,4411.7900
2021-07-30,DJI,34935.4700
2021-07-30,IXIC,14672.6800
2021-07-30,SPX,4395.2600
2021-08-06,DJI,35208.5100
2021-08-06,IXIC,14835.7600
2021-08-06,SPX,4436.5200
2021-08-13,DJI,35515.3800
2021-08-13,IXIC,14822.9000
2021-08-13,SPX,4468.0000
2021-08-20,DJI,35120.0800
2021-08-20,IXIC,14714.6600
2021-08-20,SPX,4441.6700
2021-08-27,DJI,35455.8000
2021-08-27,IXIC,15129.5000
2021-08-27,SPX,4509.3700
2021-09-03,DJI,35369.0900
2021-09-03,IXIC,15363.5200
2021-09-03,SPX,4535.4300
2021-09-10,DJI,34607.7200
2021-09-10,IXIC,15115.4900
2021-09-10,SPX,4458.5800
2021-09-17,DJI,34584.8800
2021-09-17,IXIC,15043.9700
2021-09-17,SPX,4432.9900
2021-09-24,DJI,34798.0000
2021-09-24,IXIC,15047.7000
2021-09-24,SPX,4455.4800
2021-10-01,DJI,34326.4600
2021-10-01,IXIC,14566.7000
2021-10-01,SPX,4357.0400
2021-10-08,DJI,34746.2500
2021-10-08,IXIC,14579.5400
2021-10-08,SPX,4391.3400
2021-10-15,DJI,35294.7600
2021-10-15,IXIC,14897.3400
2021-10-15,SPX,4471.3700
2021-10-22,DJI,35677.0200
2021-10-22,IXIC,15090.2000
2021-10-22,SPX,4544.9000
2021-10-29,DJI,35819.5600
2021-10-29,IXIC,15498.3900
2021-10-29,SPX,4605.3800
2021-11-05,DJI,36327.9500
2021-11-05,IXIC,15971.5900
2021-11-05,SPX,4697.5300
2021-11-12,DJI,36100.3100
2021-11-12,IXIC,15860.9600
2021-11-12,SPX,4682.8500
2021-11-19,DJI,35601.9800
2021-11-19,IXIC,16057.4400
2021-11-19,SPX,4697.9600
2021-11-26,DJI,34899.3400
2021-11-26,IXIC,15491.6600
2021-11-26,SPX,4594.6200
2021-12-03,DJI,34580.0800
2021-12-03,IXIC,15085.4700
2021-12-03,SPX,4538.4300
2021-12-10,DJI,35970.9900
2021-12-10,IXIC,15630.6000
2021-12-10,SPX,4712.0200
2021-12-17,DJI,35365.4400
2021-12-17,IXIC,15169.6800
2021-12-17,SPX,4620.6400
2021-12-23,DJI,35950.5600
2021-12-23,IXIC,15653.3700
2021-12-23,SPX,4725.7900
2021-12-31,DJI,36338.3000
2021-12-31,IXIC,15644.9700
2021-12-31,SPX,4766.1800
2022-01-07,DJI,36231.6600
2022-01-07,IXIC,14935.9000
2022-01-07,SPX,4677.0300
2022-01-14,DJI,35911.8100
2022-01-14,IXIC,14893.7500
2022-01-14,SPX,4662.8500
2022-01-21,DJI,34265.3700
2022-01-21,IXIC,13768.9200
2022-01-21,SPX,4397.9400
2022-01-28,DJI,34725.4700
2022-01-28,IXIC,13770.5700
2022-01-28,SPX,4431.8500
2022-02-04,DJI,35089.7400
2022-02-04,IXIC,14098.0100
2022-02-04,SPX,4500.5300
2022-02-11,DJI,34738.0600
2022-02-11,IXIC,13791.1500
2022-02-11,SPX,4418.6400
2022-02-18,DJI,34079.1800
2022-02-18,IXIC,13548.0700
2022-02-18,SPX,4348.8700
2022-02-25,DJI,34058.7500
2022-02-25,IXIC,13694.6200
2022-02-25,SPX,4384.6500
2022-03-04,DJI,33614.8000
2022-03-04,IXIC,13313.4400
2022-03-04,SPX,4328.8700
2022-03-11,DJI,32944.1900
2022-03-11,IXIC,12843.8100
2022-03-11,SPX,4204.3100
2022-03-18,DJI,34754.9300
2022-03-18,IXIC,13893.8400
2022-03-18,SPX,4463.1200
2022-03-25,DJI,34861.2400
2022-03-25,IXIC,14169.3000
2022-03-25,SPX,4543.0600
2022-04-01,DJI,34818.2700
2022-04-01,IXIC,14261.5000
2022-04-01,SPX,4545.8600
2022-04-08,DJI,34721.1200
2022-04-08,IXIC,13711.0000
2022-04-08,SPX,4488.2800
2022-04-14,DJI,34451.2300
2022-04-14,IXIC,13351.0800
2022-04-14,SPX,4392.5900
2022-04-22,DJI,33811.4000
2022-04-22,IXIC,12839.2900
2022-04-22,SPX,4271.7800
2022-04-29,DJI,32977.2100
2022-04-29,IXIC,12334.6400
2022-04-29,SPX,4131.9300
2022-05-06,DJI,32899.3700
2022-05-06,IXIC,12144.6600
2022-05-06,SPX,4123.3400
2022-05-13,DJI,32196.6600
2022-05-13,IXIC,11805.0000
2022-05-13,SPX,4023.8900
2022-05-20,DJI,31261.9000
2022-05-20,IXIC,11354.6200
2022-05-20,SPX,3901.3600
2022-05-27,DJI,33212.9600
2022-05-27,IXIC,12131.1300
2022-05-27,SPX,4158.2400
2022-06-03,DJI,32899.7000
2022-06-03,IXIC,12012.7300
2022-06-03,SPX,4108.5400
2022-06-10,DJI,31392.7900
2022-06-10,IXIC,11340.0200
2022-06-10,SPX,3900.8600
2022-06-17,DJI,29888.7800
2022-06-17,IXIC,10798.3500
2022-06-17,SPX,3674.8400
2022-06-24,DJI,31500.6800
2022-06-24,IXIC,11607.6200
2022-06-24,SPX,3911.7400
2022-07-01,DJI,31097.2600
2022-07-01,IXIC,11127.8500
2022-07-01,SPX,3825.3300
2022-07-08,DJI,31338.1500
2022-07-08,IXIC,11635.3100
2022-07-08,SPX,3899.3800
2022-07-15,DJI,31288.2600
2022-07-15,IXIC,11452.4200
2022-07-15,SPX,3863.1600
2022-07-22,DJI,31899.2900
2022-07-22,IXIC,11834.1100
2022-07-22,SPX,3961.6300
2022-07-29,DJI,32845.1300
2022-07-29,IXIC,12390.6900
2022-07-29,SPX,4130.2900
2022-08-05,DJI,32803.4700
2022-08-05,IXIC,12657.5500
2022-08-05,SPX,4145.1900
2022-08-12,DJI,33761.0500
2022-08-12,IXIC,13047.1900
2022-08-12,SPX,4280.1500
2022-08-19,DJI,33706.7400
2022-08-19,IXIC,12705.2200
2022-08-19,SPX,4228.4800
2022-08-26,DJI,32283.4000
2022-08-26,IXIC,12141.7100
2022-08-26,SPX,4057.6600
2022-09-02,DJI,31318.4400
2022-09-02,IXIC,11630.8600
2022-09-02,SPX,3924.2600
2022-09-09,DJI,32151.7100
2022-09-09,IXIC,12112.3100
2022-09-09,SPX,4067.3600
2022-09-16,DJI,30822.4200
2022-09-16,IXIC,11448.4000
2022-09-16,SPX,3873.3300
2022-09-23,DJI,29590.4100
2022-09-23,IXIC,10867.9300
2022-09-23,SPX,3693.2300
2022-09-30,DJI,28725.5100
2022-09-30,IXIC,10575.6200
2022-09-30,SPX,3585.6200
2022-10-07,DJI,29296.7900
2022-10-07,IXIC,10652.4000
2022-10-07,SPX,3639.6600
2022-10-14,DJI,29634.8300
2022-10-14,IXIC,10321.3900
2022-10-14,SPX,3583.0700
2022-10-21,DJI,31082.5600
2022-10-21,IXIC,10859.7200
2022-10-21,SPX,3752.7500
2022-10-28,DJI,32861.8000
2022-10-28,IXIC,11102.4500
2022-10-28,SPX,3901.0600
2022-11-04,DJI,32403.2200
2022-11-04,IXIC,10475.2500
2022-11-04,SPX,3770.5500
2022-11-11,DJI,33747.8600
2022-11-11,IXIC,11323.3300
2022-11-11,SPX,3992.9300
2022-11-18,DJI,33745.6900
2022-11-18,IXIC,11146.0600
2022-11-18,SPX,3965.3400
2022-11-25,DJI,34347.0300
2022-11-25,IXIC,11226.3600
2022-11-25,SPX,4026.1200
2022-12-02,DJI,34429.8800
2022-12-02,IXIC,11461.5000
2022-12-02,SPX,4071.7000
2022-12-09,DJI,33476.4600
2022-12-09,IXIC,11004.6200
2022-12-09,SPX,3934.3800
2022-12-16,DJI,32920.4600
2022-12-16,IXIC,10705.4100
2022-12-16,SPX,3852.3600
2022-12-23,DJI,33203.9300
2022-12-23,IXIC,10497.8600
2022-12-23,SPX,3844.8200
2022-12-30,DJI,33147.2500
2022-12-30,IXIC,10466.4800
2022-12-30,SPX,3839.5000
2023-01-06,DJI,33630.6100
2023-01-06,IXIC,10569.2900
2023-01-06,SPX,3895.0800
2023-01-13,DJI,34302.6100
2023-01-13,IXIC,11079.1600
2023-01-13,SPX,3999.0900
2023-01-20,DJI,33375.4900
2023-01-20,IXIC,11140.4300
2023-01-20,SPX,3972.6100
2023-01-27,DJI,33978.0800
2023-01-27,IXIC,11621.7100
2023-01-27,SPX,4070.5600
2023-02-03,DJI,33926.0100
2023-02-03,IXIC,12006.9500
2023-02-03,SPX,4136.4800
2023-02-10,DJI,33869.2700
2023-02-10,IXIC,11718.1200
2023-02-10,SPX,4090.4600
2023-02-17,DJI,33826.6900
2023-02-17,IXIC,11787.2700
2023-02-17,SPX,4079.0900
2023-02-24,DJI,32816.9200
2023-02-24,IXIC,11394.9400
2023-02-24,SPX,3970.0400
2023-03-03,DJI,33390.9700
2023-03-03,IXIC,11689.0100
2023-03-03,SPX,4045.6400
2023-03-10,DJI,31909.6400
2023-03-10,IXIC,11138.8900
2023-03-10,SPX,3861.5900
2023-03-17,DJI,31861.9800
2023-03-17,IXIC,11630.5100
2023-03-17,SPX,3916.6400
2023-03-24,DJI,32237.5300
2023-03-24,IXIC,11823.9600
2023-03-24,SPX,3970.9900
2023-03-31,DJI,33274.1500
2023-03-31,IXIC,12221.9100
2023-03-31,SPX,4109.3100
2023-04-06,DJI,33485.2900
2023-04-06,IXIC,12087.9600
2023-04-06,SPX,4105.0200
2023-04-14,DJI,33886.4700
2023-04-14,IXIC,12123.4700
2023-04-14,SPX,4137.6400
2023-04-21,DJI,33808.9600
2023-04-21,IXIC,12072.4600
2023-04-21,SPX,4133.5200
2023-04-28,DJI,34098.1600
2023-04-28,IXIC,12226.5800
2023-04-28,SPX,4169.4800
2023-05-05,DJI,33674.3800
2023-05-05,IXIC,12235.4100
2023-05-05,SPX,4136.2500
2023-05-12,DJI,33300.6200
2023-05-12,IXIC,12284.7400
2023-05-12,SPX,4124.0800
2023-05-19,DJI,33426.6300
2023-05-19,IXIC,12657.9000
2023-05-19,SPX,4191.9800
2023-05-26,DJI,33093.3400
2023-05-26,IXIC,12975.6900
2023-05-26,SPX,4205.4500
2023-06-02,DJI,33762.7600
2023-06-02,IXIC,13240.7700
2023-06-02,SPX,4282.3700
2023-06-09,DJI,33876.7800
2023-06-09,IXIC,13259.1400
2023-06-09,SPX,4298.8600
2023-06-16,DJI,34299.1200
2023-06-16,IXIC,13689.5700
2023-06-16,SPX,4409.5900
2023-06-23,DJI,33727.4300
2023-06-23,IXIC,13492.5200
2023-06-23,SPX,4348.3300
2023-06-30,DJI,34407.6000
2023-06-30,IXIC,13787.9200
2023-06-30,SPX,4450.3800
2023-07-07,DJI,33734.8800
2023-07-07,IXIC,13660.7200
2023-07-07,SPX,4398.9500
2023-07-14,DJI,34509.0300
2023-07-14,IXIC,14113.7000
2023-07-14,SPX,4505.4200
2023-07-21,DJI,35227.6900
2023-07-21,IXIC,14032.8100
2023-07-21,SPX,4536.3400
2023-07-28,DJI,35459.2900
2023-07-28,IXIC,14316.6600
2023-07-28,SPX,4582.2300
2023-08-04,DJI,35065.6200
2023-08-04,IXIC,13892.0700
2023-08-04,SPX,4478.0300
2023-08-11,DJI,35281.4000
2023-08-11,IXIC,13644.8500
2023-08-11,SPX,4464.0500
2023-08-18,DJI,34500.6600
2023-08-18,IXIC,13290.7800
2023-08-18,SPX,4369.7100
2023-08-25,DJI,34346.9000
2023-08-25,IXIC,13590.6500
2023-08-25,SPX,4405.7100
2023-09-01,DJI,34837.7100
2023-09-01,IXIC,14031.8100
2023-09-01,SPX,4515.7700
2023-09-08,DJI,34576.5900
2023-09-08,IXIC,13761.5300
2023-09-08,SPX,4457.4900
2023-09-15,DJI,34618.2400
2023-09-15,IXIC,13708.3300
2023-09-15,SPX,4450.3200
2023-09-22,DJI,33963.8400
2023-09-22,IXIC,13211.8100
2023-09-22,SPX,4320.0600
2023-09-29,DJI,33507.5000
2023-09-29,IXIC,13219.3200
2023-09-29,SPX,4288.0500
2023-10-06,DJI,33407.5800
2023-10-06,IXIC,13431.3400
2023-10-06,SPX,4308.5000
2023-10-13,DJI,33670.2900
2023-10-13,IXIC,13407.2300
2023-10-13,SPX,4327.7800
2023-10-20,DJI,33127.2800
2023-10-20,IXIC,12983.8100
2023-10-20,SPX,4224.1600
2023-10-27,DJI,32417.5900
2023-10-27,IXIC,12643.0100
2023-10-27,SPX,4117.3700
2023-11-03,DJI,34061.3200
2023-11-03,IXIC,13478.2800
2023-11-03,SPX,4358.3400
2023-11-10,DJI,34283.1000
2023-11-10,IXIC,13798.1100
2023-11-10,SPX,4415.2400
2023-11-17,DJI,34947.2800
2023-11-17,IXIC,14125.4800
2023-11-17,SPX,4514.0200
2023-11-24,DJI,35390.1500
2023-11-24,IXIC,14250.8500
2023-11-24,SPX,4559.3400
2023-12-01,DJI,36245.5000
2023-12-01,IXIC,14305.0300
2023-12-01,SPX,4594.6300
2023-12-08,DJI,36247.8700
2023-12-08,IXIC,14403.9700
2023-12-08,SPX,4604.3700
2023-12-15,DJI,37305.1600
2023-12-15,IXIC,14813.9200
2023-12-15,SPX,4719.1900
2023-12-22,DJI,37385.9700
2023-12-22,IXIC,14992.9700
2023-12-22,SPX,4754.6300
2023-12-29,DJI,37689.5400
2023-12-29,IXIC,15011.3500
2023-12-29,SPX,4769.8300
2024-01-05,DJI,37466.1100
2024-01-05,IXIC,14524.0700
2024-01-05,SPX,4697.2400
2024-01-12,DJI,37592.9800
2024-01-12,IXIC,14972.7600
2024-01-12,SPX,4783.8300
2024-01-19,DJI,37863.8000
2024-01-19,IXIC,15310.9700
2024-01-19,SPX,4839.8100
2024-01-26,DJI,38109.4300
2024-01-26,IXIC,15455.3600
2024-01-26,SPX,4890.9700
2024-02-02,DJI,38654.4200
2024-02-02,IXIC,15628.9500
2024-02-02,SPX,4958.6100
2024-02-09,DJI,38671.6900
2024-02-09,IXIC,15990.6600
2024-02-09,SPX,5026.6100
2024-02-16,DJI,38627.9900
2024-02-16,IXIC,15775.6500
2024-02-16,SPX,5005.5700
2024-02-23,DJI,39131.5300
2024-02-23,IXIC,15996.8200
2024-02-23,SPX,5088.8000
2024-03-01,DJI,39087.3800
2024-03-01,IXIC,16274.9400
2024-03-01,SPX,5137.0800
2024-03-08,DJI,38722.6900
2024-03-08,IXIC,16085.1100
2024-03-08,SPX,5123.6900
2024-03-15,DJI,38714.7700
2024-03-15,IXIC,15973.1700
2024-03-15,SPX,5117.0900
2024-03-22,DJI,39475.9000
2024-03-22,IXIC,16428.8200
2024-03-22,SPX,5234.1800
2024-03-28,DJI,39807.3700
2024-03-28,IXIC,16379.4600
2024-03-28,SPX,5254.3500
2024-04-05,DJI,38904.0400
2024-04-05,IXIC,16248.5200
2024-04-05,SPX,5204.3400
2024-04-12,DJI,37983.2400
2024-04-12,IXIC,16175.0900
2024-04-12,SPX,5123.4100
2024-04-19,DJI,37986.4000
2024-04-19,IXIC,15282.0100
2024-04-19,SPX,4967.2300
2024-04-26,DJI,38239.6600
2024-04-26,IXIC,15927.9000
2024-04-26,SPX,5099.9600
2024-05-03,DJI,38675.6800
2024-05-03,IXIC,16156.3300
2024-05-03,SPX,5127.7900
2024-05-10,DJI,39512.8400
2024-05-10,IXIC,16340.8700
2024-05-10,SPX,5222.6800
2024-05-17,DJI,40003.5900
2024-05-17,IXIC,16685.9700
2024-05-17,SPX,5303.2700
2024-05-24,DJI,39069.5900
2024-05-24,IXIC,16920.7900
2024-05-24,SPX,5304.7200
2024-05-31,DJI,38686.3200
2024-05-31,IXIC,16735.0200
2024-05-31,SPX,5277.5100
2024-06-07,DJI,38798.9900
2024-06-07,IXIC,17133.1300
2024-06-07,SPX,5346.9900
2024-06-14,DJI,38589.1600
2024-06-14,IXIC,17688.8800
2024-06-14,SPX,5431.6000
2024-06-21,DJI,39150.3300
2024-06-21,IXIC,17689.3600
2024-06-21,SPX,5464.6200
2024-06-28,DJI,39118.8600
2024-06-28,IXIC,17732.6000
2024-06-28,SPX,5460.4800
2024-07-05,DJI,39375.8700
2024-07-05,IXIC,18352.7600
2024-07-05,SPX,5567.1900
2024-07-12,DJI,40000.9000
2024-07-12,IXIC,18398.4500
2024-07-12,SPX,5615.3500
2024-07-19,DJI,40287.5300
2024-07-19,IXIC,17726.9400
2024-07-19,SPX,5505.0000
2024-07-26,DJI,40589.3400
2024-07-26,IXIC,17357.8800
2024-07-26,SPX,5459.1000
2024-08-02,DJI,39737.2600
2024-08-02,IXIC,16776.1600
2024-08-02,SPX,5346.5600
2024-08-09,DJI,39497.5400
2024-08-09,IXIC,16745.3000
2024-08-09,SPX,5344.1600
2024-08-16,DJI,40659.7600
2024-08-16,IXIC,17631.7200
2024-08-16,SPX,5554.2500
2024-08-23,DJI,41175.0800
2024-08-23,IXIC,17877.7900
2024-08-23,SPX,5634.6100
2024-08-30,DJI,41563.0800
2024-08-30,IXIC,17713.6200
2024-08-30,SPX,5648.4000
2024-09-06,DJI,40345.4100
2024-09-06,IXIC,16690.8300
2024-09-06,SPX,5408.4200
2024-09-13,DJI,41393.7800
2024-09-13,IXIC,17683.9800
2024-09-13,SPX,5626.0200
2024-09-20,DJI,42063.3600
2024-09-20,IXIC,17948.3200
2024-09-20,SPX,5702.5500
2024-09-27,DJI,42313.0000
2024-09-27,IXIC,18119.5900
2024-09-27,SPX,5738.1700
2024-10-04,DJI,42352.7500
2024-10-04,IXIC,18137.8500
2024-10-04,SPX,5751.0700
2024-10-11,DJI,42863.8600
2024-10-11,IXIC,18342.9400
2024-10-11,SPX,5815.0300
2024-10-18,DJI,43275.9100
2024-10-18,IXIC,18489.5500
2024-10-18,SPX,5864.6700
2024-10-25,DJI,42114.4000
2024-10-25,IXIC,18518.6100
2024-10-25,SPX,5808.1200
2024-11-01,DJI,42052.1900
2024-11-01,IXIC,18239.9200
2024-11-01,SPX,5728.8000
2024-11-08,DJI,43988.9900
2024-11-08,IXIC,19286.7800
2024-11-08,SPX,5995.5400
2024-11-15,DJI,43444.9900
2024-11-15,IXIC,18680.1200
2024-11-15,SPX,5870.6200
2024-11-22,DJI,44296.5100
2024-11-22,IXIC,19003.6500
2024-11-22,SPX,5969.3400
2024-11-29,DJI,44910.6500
2024-11-29,IXIC,19218.1700
2024-11-29,SPX,6032.3800
2024-12-06,DJI,44642.5200
2024-12-06,IXIC,19859.7700
2024-12-06,SPX,6090.2700
2024-12-13,DJI,43828.0600
2024-12-13,IXIC,19926.7200
2024-12-13,SPX,6051.0900
2024-12-20,DJI,42840.2600
2024-12-20,IXIC,19572.6000
2024-12-20,SPX,5930.8500
2024-12-27,DJI,42992.2100
2024-12-27,IXIC,19722.0300
2024-12-27,SPX,5970.8400
2025-01-03,DJI,42732.1300
2025-01-03,IXIC,19621.6800
2025-01-03,SPX,5942.4700
2025-01-10,DJI,41938.4500
2025-01-10,IXIC,19161.6300
2025-01-10,SPX,5827.0400
2025-01-17,DJI,43487.8300
2025-01-17,IXIC,19630.2000
2025-01-17,SPX,5996.6600
2025-01-24,DJI,44424.2500
2025-01-24,IXIC,19954.3000
2025-01-24,SPX,6101.2400
2025-01-31,DJI,44544.6600
2025-01-31,IXIC,19627.4400
2025-01-31,SPX,6040.5300
2025-02-07,DJI,44303.4000
2025-02-07,IXIC,19523.4000
2025-02-07,SPX,6025.9900
2025-02-14,DJI,44546.0800
2025-02-14,IXIC,20026.7700
2025-02-14,SPX,6114.6300
2025-02-21,DJI,43428.0200
2025-02-21,IXIC,19524.0100
2025-02-21,SPX,6013.1300
2025-02-28,DJI,43840.9100
2025-02-28,IXIC,18847.2800
2025-02-28,SPX,5954.5000
2025-03-07,DJI,42801.7200
2025-03-07,IXIC,18196.2200
2025-03-07,SPX,5770.2000
2025-03-14,DJI,41488.1900
2025-03-14,IXIC,17754.0900
2025-03-14,SPX,5638.9400
2025-03-21,DJI,41985.3500
2025-03-21,IXIC,17784.0500
2025-03-21,SPX,5667.5600
2025-03-28,DJI,41583.9000
2025-03-28,IXIC,17322.9900
2025-03-28,SPX,5580.9400
2025-04-04,DJI,38314.8600
2025-04-04,IXIC,15587.7900
2025-04-04,SPX,5074.0800
2025-04-11,DJI,40212.7100
2025-04-11,IXIC,16724.4600
2025-04-11,SPX,5363.3600
2025-04-17,DJI,39142.2300
2025-04-17,IXIC,16286.4500
2025-04-17,SPX,5282.7000
2025-04-25,DJI,40113.5000
2025-04-25,IXIC,17382.9400
2025-04-25,SPX,5525.2100
2025-05-02,DJI,41317.4300
2025-05-02,IXIC,17977.7300
2025-05-02,SPX,5686.6700
2025-05-09,DJI,41249.3800
2025-05-09,IXIC,17928.9200
2025-05-09,SPX,5659.9100
2025-05-16,DJI,42654.7400
2025-05-16,IXIC,19211.1000
2025-05-16,SPX,5958.3800
2025-05-23,DJI,41603.0700
2025-05-23,IXIC,18737.2100
2025-05-23,SPX,5802.8200
2025-05-30,DJI,42270.0700
2025-05-30,IXIC,19113.7700
2025-05-30,SPX,5911.6900
2025-06-06,DJI,42762.8700
2025-06-06,IXIC,19529.9500
2025-06-06,SPX,6000.3600
2025-06-13,DJI,42197.7900
2025-06-13,IXIC,19406.8300
2025-06-13,SPX,5976.9700
2025-06-20,DJI,42206.8200
2025-06-20,IXIC,19447.4100
2025-06-20,SPX,5967.8400
2025-06-27,DJI,43819.2700
2025-06-27,IXIC,20273.4600
2025-06-27,SPX,6173.0700
2025-07-03,DJI,44828.5300
2025-07-03,IXIC,20601.1000
2025-07-03,SPX,6279.3500
2025-07-11,DJI,44371.5100
2025-07-11,IXIC,20585.5300
2025-07-11,SPX,6259.7500
2025-07-18,DJI,44342.1900
2025-07-18,IXIC,20895.6600
2025-07-18,SPX,6296.7900
2025-07-25,DJI,44901.9200
2025-07-25,IXIC,21108.3200
2025-07-25,SPX,6388.6400
2025-08-01,DJI,43588.5800
2025-08-01,IXIC,20650.1300
2025-08-01,SPX,6238.0100
2025-08-08,DJI,44175.6100
2025-08-08,IXIC,21450.0200
2025-08-08,SPX,6389.4500
2025-08-15,DJI,44946.1200
2025-08-15,IXIC,21622.9800
2025-08-15,SPX,6449.8000
2025-08-22,DJI,45631.7400
2025-08-22,IXIC,21496.5300
2025-08-22,SPX,6466.9100
2025-08-29,DJI,45544.8800
2025-08-29,IXIC,21455.5500
2025-08-29,SPX,6460.2600
2025-09-05,DJI,45400.8600
2025-09-05,IXIC,21700.3900
2025-09-05,SPX,6481.5000
2025-09-12,DJI,45834.2200
2025-09-12,IXIC,22141.1000
2025-09-12,SPX,6584.2900
2025-09-19,DJI,46315.2700
2025-09-19,IXIC,22631.4800
2025-09-19,SPX,6664.3600
2025-09-26,DJI,46247.2900
2025-09-26,IXIC,22484.0700
2025-09-26,SPX,6643.7000
2025-10-03,DJI,46758.2800
2025-10-03,IXIC,22780.5100
2025-10-03,SPX,6715.7900
2025-10-10,DJI,45479.6000
2025-10-10,IXIC,22204.4300
2025-10-10,SPX,6552.5100
2025-10-17,DJI,46190.6100
2025-10-17,IXIC,22679.9700
2025-10-17,SPX,6664.0100
2025-10-24,DJI,47207.1200
2025-10-24,IXIC,23204.8700
2025-10-24,SPX,6791.6900
2025-10-31,DJI,47562.8700
2025-10-31,IXIC,23724.9600
2025-10-31,SPX,6840.2000
2025-11-07,DJI,46987.1000
2025-11-07,IXIC,23004.5400
2025-11-07,SPX,6728.8000
2025-11-14,DJI,47147.4800
2025-11-14,IXIC,22900.5900
2025-11-14,SPX,6734.1100
2025-11-21,DJI,46245.4100
2025-11-21,IXIC,22273.0800
2025-11-21,SPX,6602.9900
2025-11-28,DJI,47716.4200
2025-11-28,IXIC,23365.6900
2025-11-28,SPX,6849.0900
2025-12-05,DJI,47954.9900
2025-12-05,IXIC,23578.1300
2025-12-05,SPX,6870.4000
2025-12-12,DJI,48458.0500
2025-12-12,IXIC,23195.1700
2025-12-12,SPX,6827.4100
2025-12-19,DJI,48134.8900
2025-12-19,IXIC,23307.6200
2025-12-19,SPX,6834.5000
2025-12-26,DJI,48710.9700
2025-12-26,IXIC,23593.1000
2025-12-26,SPX,6929.9400
2026-01-02,DJI,48382.3900
2026-01-02,IXIC,23235.6300
2026-01-02,SPX,6858.4700
2026-01-09,DJI,49504.0700
2026-01-09,IXIC,23671.3500
2026-01-09,SPX,6966.2800
2026-01-16,DJI,49359.3300
2026-01-16,IXIC,23515.3900
2026-01-16,SPX,6940.0100
2026-01-23,DJI,49098.7100
2026-01-23,IXIC,23501.2400
2026-01-23,SPX,6915.6100
2026-01-30,DJI,48892.4700
2026-01-30,IXIC,23461.8200
2026-01-30,SPX,6939.0300
2026-02-06,DJI,50115.6700
2026-02-06,IXIC,23031.2100
2026-02-06,SPX,6932.3000
2026-02-13,DJI,49500.9300
2026-02-13,IXIC,22546.6700
2026-02-13,SPX,6836.1700
2026-02-20,DJI,49625.9700
2026-02-20,IXIC,22886.0700
2026-02-20,SPX,6909.5100
2026-02-27,DJI,48977.9200
2026-02-27,IXIC,22668.2100
2026-02-27,SPX,6878.8800
2026-03-06,DJI,47501.5500
2026-03-06,IXIC,22387.6800
2026-03-06,SPX,6740.0200
2026-03-13,DJI,46558.4700
2026-03-13,IXIC,22105.3600
2026-03-13,SPX,6632.1900
2026-03-20,DJI,45577.4700
2026-03-20,IXIC,21647.6100
2026-03-20,SPX,6506.4800
2026-03-27,DJI,45166.6400
2026-03-27,IXIC,20948.3600
2026-03-27,SPX,6368.8500
2026-04-02,DJI,46504.6700
2026-04-02,IXIC,21879.1800
2026-04-02,SPX,6582.6900
2026-04-10,DJI,47916.5700
2026-04-10,IXIC,22902.8900
2026-04-10,SPX,6816.8900
2026-04-17,DJI,49447.4300
2026-04-17,IXIC,24468.4800
2026-04-17,SPX,7126.0600
2026-04-24,DJI,49230.7100
2026-04-24,IXIC,24836.6000
2026-04-24,SPX,7165.0800
2026-05-01,DJI,49499.2700
2026-05-01,IXIC,25114.4400
2026-05-01,SPX,7230.1200
2026-05-08,DJI,49609.1600
2026-05-08,IXIC,26247.0800
2026-05-08,SPX,7398.9300
2026-05-15,DJI,49526.1700
2026-05-15,IXIC,26225.1400
2026-05-15,SPX,7408.5000
2026-05-22,DJI,50579.7000
2026-05-22,IXIC,26343.9700
2026-05-22,SPX,7473.4700
2026-05-29,DJI,51032.4600
2026-05-29,IXIC,26972.6200
2026-05-29,SPX,7580.0600
2026-06-05,DJI,50866.7800
2026-06-05,IXIC,25709.4300
2026-06-05,SPX,7383.7400
2026-06-12,DJI,51202.2600
2026-06-12,IXIC,25888.8400
2026-06-12,SPX,7431.4600
2026-06-17,DJI,51492.5500
2026-06-17,IXIC,26021.6600
2026-06-17,SPX,7420.1000
